id,domain,feature,scope_tier,target_phase,scope_status,reference_required,reference_status,implementation_status,implementation_files,test_ids,runtime_evidence,notes
SCOPE-001,SCOPE,固定原作版本與內容包,scope,01,proposed,false,design_proposal,in_progress,docs/reference-comparison.json;docs/ruleset-manifest.json,tests/governance.test.ts,docs/verification.md,Explicit per-rule unknowns; original version/build not selected
SCOPE-002,SCOPE,文明／單位／科技全集分母,scope,01,proposed,false,design_proposal,blocked,docs/scope-inventory.json,tests/foundation.test.ts,docs/verification.md,Original inventories require a specified build and sources
SCOPE-003,SCOPE,來源與數值待確認標記,scope,01,proposed,false,design_proposal,implemented,packages/content/rules.ts,tests/foundation.test.ts,docs/verification.md,Unknown fields remain null
SCOPE-004,SCOPE,自訂參數與對照值分離,scope,01,proposed,false,design_proposal,implemented,packages/content/rules.ts,tests/foundation.test.ts,docs/verification.md,Custom values labeled design_default
SCOPE-005,SCOPE,需求程式測試證據追蹤,scope,01,proposed,false,design_proposal,in_progress,docs/feature-ledger.csv;docs/stage-dependencies.json;docs/data-model.md,tests/governance.test.ts,docs/verification.md,Evidence limited to this foundation
SIM-001,SIM,固定 tick 與畫面插值分離,infrastructure,02,proposed,false,design_proposal,in_progress,packages/sim/sim.ts;apps/web/main.ts,tests/foundation.test.ts,docs/first-use-002.md,20 Hz fixed step; no interpolation yet
SIM-002,SIM,穩定 PRNG 與排序,infrastructure,02,proposed,false,design_proposal,in_progress,packages/sim/sim.ts,tests/foundation.test.ts,docs/verification.md,xorshift32 and deterministic ordering; cross-browser not tested
SIM-003,SIM,命令合法性與原子扣費,infrastructure,02,proposed,false,design_proposal,in_progress,packages/sim/sim.ts;packages/sim/economy.ts,tests/economy.test.ts;tests/foundation.test.ts,docs/economy-verification.md,Tick-time multi-resource reservation and cancellation are atomic; population accounting and explicit rejected results tested. Actual producer/technology/build-site gameplay checks belong to later systems.
SIM-004,SIM,可序列化權威狀態,infrastructure,02,proposed,false,design_proposal,in_progress,packages/sim/sim.ts,tests/foundation.test.ts,docs/first-use-002.md,Movement sandbox state only
SIM-005,SIM,確定性尋路工作排程,infrastructure,02,proposed,false,design_proposal,implemented,packages/sim/navigation.ts;packages/sim/sim.ts,tests/navigation.test.ts;tests/browser.mjs,docs/first-use-003.md,Fixed shared 32-node tick budget; serializable frontier; static house/tree/rock footprints with radius 25. Unit avoidance and dynamic occupancy pending.
SIM-006,SIM,headless runner 與 state hash,infrastructure,02,proposed,false,design_proposal,in_progress,packages/sim/sim.ts;packages/sim/headless.ts;packages/sim/run.ts,tests/foundation.test.ts;tests/governance.test.ts,docs/headless-result.json;docs/first-use-001.md,Headless runner and actual tick timings; four-unit sandbox only; full game benchmark not run
SIM-007,SIM,Worker 訊息與錯誤恢復,infrastructure,02,proposed,false,design_proposal,in_progress,packages/sim/protocol.ts;apps/web/worker.ts;apps/web/worker-client.ts;apps/web/main.ts,tests/worker.test.ts;tests/browser.mjs,docs/first-use-002.md,Live Worker owns movement simulation; transferable projection; startup/error/timeout recovery tested. Other RTS systems not implemented.
ART-001,ART,原創積木元件庫,visual,03,proposed,false,design_proposal,in_progress,apps/web/scene.ts;apps/web/models.html;docs/asset-manifest.json;apps/web/economic-building.ts;apps/web/military-building.ts;apps/web/brick-geometries.ts,tests/browser.mjs;tests/economic-building.test.ts;tests/rig-browser.mjs;tests/brick-geometries.test.ts,docs/first-use-004.md;docs/economic-assets-verification.md;docs/civic-assets-verification.md;docs/military-assets-verification.md;docs/arch-verification.md,"Actual local WebGL2 renderer, initial original meshes, instancing, stud detail threshold and view controls. Full art matrix incomplete. Four economic building models added; inspector only, full village and gameplay integration pending. Town center, market and smithy inspector models added; no gameplay capabilities implied. Barracks, archery range and stable visual representatives added; no unit production."
ART-002,ART,凸點／倒角／接縫,visual,03,proposed,false,design_proposal,in_progress,apps/web/scene.ts;apps/web/models.html;docs/asset-manifest.json;apps/web/building-studs.ts,tests/browser.mjs;tests/building-studs.test.ts;tests/rig-browser.mjs,docs/first-use-004.md;docs/building-studs-verification.md,"Actual local WebGL2 renderer, initial original meshes, instancing, stud detail threshold and view controls. Full art matrix incomplete. Building studs now omit covered and partially intersecting placements; full connection audit remains open."
ART-003,ART,四時代建築變體,visual,03,proposed,false,design_proposal,in_progress,apps/web/building-parts.ts;apps/web/scene.ts;apps/web/models.html;apps/web/military-building.ts;apps/web/economic-building.ts;apps/web/castle-building.ts,tests/building-parts.test.ts;tests/rig-browser.mjs;tests/browser.mjs;tests/economic-building.test.ts;tests/building-support.test.ts,docs/building-visuals-verification.md;docs/military-ages-verification.md;docs/economic-ages-verification.md;docs/first-use-027.md,"Representative house only: four geometric age variants, five additive construction phases, bounded debris and exact visual restoration. Inspector controls only; no simulation construction, upgrade, damage or repair actions. Full building set pending. Military buildings now have four original structural age silhouettes; inspector only, gameplay upgrades remain absent. Seven economic/civic buildings now also have four structural age silhouettes, and every modeled building part is tested to connect to its foundation; still inspector only. v27: the Castle has four age structures; every building takes regional roof crowns for four architecture groups by the owner's civ (neutral unchanged)."
ART-004,ART,人物與武器工具 sockets,visual,03,proposed,false,design_proposal,in_progress,apps/web/unit-rig.ts;apps/web/scene.ts;apps/web/models.html;apps/web/picking.ts;apps/web/character-rig.ts;apps/web/elephant-rig.ts;apps/web/camel-rig.ts;apps/web/siege-rig.ts;apps/web/rig-roles.ts,tests/unit-rig.test.ts;tests/rig-browser.mjs;tests/browser.mjs;tests/picking.test.ts;tests/character-rig.test.ts,docs/unit-rig-verification.md;docs/infantry-visuals-verification.md;docs/picking-verification.md;docs/mounted-verification.md;docs/first-use-027.md;docs/first-use-028.md,"Eight tools and left-hand shield; villager/swordsman/spearman/archer preview silhouettes with rigid joints. Game still uses villagers and idle/walk only; cavalry and combat integration pending. Mounted representative with saddle socket and rigid gait; unsupported poses disabled, gameplay radius pending. v27: 13 unique outfits, 8 new tools (longbow, repeater, musket, throwing axe, great sword, war axe, katana, scimitar), barded horses and an elephant mount. v28: cavalry archer, camel mount (pacing gait, rider on the hump), petard with a powder keg; siege engines on their own rigs (ram, mangonel, scorpion, trebuchet packed and unpacked) that tip over when destroyed; 12 line-upgrade looks on own units (the enemy's research is not projected). Unit tests pass; the browser rig check is in the first-use-028 TODO."
ART-005,ART,施工分段組裝,visual,03,proposed,false,design_proposal,in_progress,apps/web/building-parts.ts;apps/web/scene.ts;apps/web/models.html,tests/building-parts.test.ts;tests/rig-browser.mjs;tests/browser.mjs,docs/building-visuals-verification.md,"Representative house only: four geometric age variants, five additive construction phases, bounded debris and exact visual restoration. Inspector controls only; no simulation construction, upgrade, damage or repair actions. Full building set pending."
ART-006,ART,受損／摧毀／修復,visual,03,proposed,false,design_proposal,in_progress,apps/web/building-parts.ts;apps/web/scene.ts;apps/web/models.html,tests/building-parts.test.ts;tests/rig-browser.mjs;tests/browser.mjs,docs/building-visuals-verification.md,"Representative house only: four geometric age variants, five additive construction phases, bounded debris and exact visual restoration. Inspector controls only; no simulation construction, upgrade, damage or repair actions. Full building set pending."
ART-007,ART,LOD 與可辨識輪廓,visual,03,proposed,false,design_proposal,in_progress,apps/web/lod.ts;apps/web/scene.ts;apps/web/models.html,tests/lod.test.ts;tests/rig-browser.mjs;tests/browser.mjs,docs/lod-verification.md,"Three render detail levels; detailed selection geometry preserved. Measured triangle reduction, no simulation changes. Per-asset silhouette audits and target hardware budget still incomplete."
ART-008,ART,模型清冊與授權證據,visual,03,proposed,false,design_proposal,in_progress,apps/web/scene.ts;apps/web/models.html;docs/asset-manifest.json;apps/web/economic-building.ts;packages/content/footprints.ts;apps/web/military-building.ts,tests/browser.mjs;tests/economic-building.test.ts;tests/rig-browser.mjs;tests/footprints.test.ts,docs/first-use-004.md;docs/economic-assets-verification.md;docs/civic-assets-verification.md;docs/footprints-verification.md;docs/military-assets-verification.md;docs/first-use-027.md,"Actual local WebGL2 renderer, initial original meshes, instancing, stud detail threshold and view controls. Full art matrix incomplete. Four economic building models added; inspector only, full village and gameplay integration pending. Town center, market and smithy inspector models added; no gameplay capabilities implied. Barracks, archery range and stable visual representatives added; no unit production. v27: asset-manifest entries castle, unique-units, war-elephant, regional-architecture and unique-tech-emblems (original geometry, design_default parameters)."
MAP-001,MAP,種子地圖生成,system,04,proposed,true,unverified,in_progress,packages/sim/terrain.ts;packages/sim/navigation.ts;apps/web/scene.ts;docs/maps/,tests/maps.test.ts;tests/terrain.test.ts;tests/browser.mjs;tests/map-selection.test.ts;tests/open-map.test.ts;tests/naval.test.ts,docs/first-use-006.md;docs/first-use-016.md;docs/aoe2-rules-research.md;docs/first-use-030.md,"Seeded meadow/coast generation and fixed hand-built acceptance map exported; checked in model viewer. Match map selection pending. Playable map selection, height-aware ground picking, map restore and Worker recovery implemented; full C art requirements pending. v17: 32x32 open-land match map; players on a seeded circle round the centre (29-34% of the width, second roughly opposite +-22.5 deg), identical base kit per player (nearest-resource paths within 100 across 8 seeds), border woods and forest clumps away from bases. Idea after the reference random_placement/circle_radius; numbers are design_default. v30: the 'lakes' match map (32x32, generateOpen with a central lake of radius 720 off both bases' aprons, two tiles of clear shore, 8 deep-water fish only fishing ships reach, neutral mines on a 1000-1250 ring); the open map is generated exactly as before."
MAP-002,MAP,出生點公平與可達性,system,04,proposed,true,unverified,in_progress,packages/sim/navigation.ts;docs/maps/,tests/starting-resources.test.ts;tests/maps.test.ts;tests/open-map.test.ts,docs/starting-resources-verification.md;docs/first-use-014.md;docs/first-use-016.md;docs/aoe2-rules-research.md,"Generation gates minimum reachable land starting supplies and maximum nearest-distance difference; routes to approach points verified. Full competitive balance and sea-resource fairness remain unverified. Border woods are generated for the west half and mirrored east (v16), so both bases get the same room; building grid 10 so mirrored sites are legal. v17 open map: kit offsets identical per player, validated by validateStartingResources; 8-seed test keeps nearest-path differences within 100."
MAP-003,MAP,地形高度與通行類別,system,04,proposed,true,unverified,in_progress,packages/sim/terrain.ts;packages/sim/navigation.ts;apps/web/scene.ts;docs/maps/,tests/heights.test.ts;tests/maps.test.ts;tests/browser.mjs;tests/map-selection.test.ts,docs/first-use-006.md,"Explicit height edges and stepped acceptance plateau; land climb/descend and radius-aware cliff rejection tested. Renderer uses shared ground heights. Playable map selection and reference height effects pending. Playable map selection, height-aware ground picking, map restore and Worker recovery implemented; full C art requirements pending."
MAP-004,MAP,資源實體與耗盡,system,04,proposed,true,unverified,in_progress,packages/sim/terrain.ts;packages/sim/navigation.ts;packages/sim/vision.ts;apps/web/scene.ts,tests/resources.test.ts;tests/terrain.test.ts;tests/browser.mjs,docs/resources-verification.md,"Seven finite resource kinds and visible projection; animal collision proxies and fish water placement tested. Gathering, hunting, herding, fishing work and balanced distribution still pending."
MAP-005,MAP,三態戰爭迷霧,system,04,proposed,true,unverified,in_progress,packages/sim/vision.ts;packages/sim/protocol.ts;apps/web/scene.ts;apps/web/fog-debug.ts;packages/content/techs.ts,tests/vision.test.ts;tests/browser.mjs;tests/fog-debug.test.ts;tests/techs.test.ts,docs/first-use-005.md;docs/fog-debug-verification.md;docs/first-use-029.md,"Per-player three-state tile visibility updates at simulation ticks; WebGL colors and visible-only unit projection; terrain occlusion rules remain unverified. Read-only player-0 fog inspector uses filtered Worker view and frozen building memory. v29: Town Watch and Town Patrol add 400 each (a tile of sight is 100) to the sight of the owner's town centres, houses, barracks, towers and castles (finished houses and barracks only)."
MAP-006,MAP,最後已見資料快照,system,04,proposed,true,unverified,in_progress,packages/sim/vision.ts;packages/sim/protocol.ts;apps/web/scene.ts,tests/vision.test.ts;tests/browser.mjs,docs/first-use-005.md,Timestamped static-object snapshots freeze out of view; removal reconciled on revisit. No completed dynamic building system yet.
MAP-007,MAP,隊伍共享視野,system,04,proposed,true,unverified,in_progress,packages/sim/vision.ts;packages/sim/protocol.ts;apps/web/scene.ts,tests/vision.test.ts;tests/browser.mjs,docs/first-use-005.md,Opt-in sharing policy and revocation tested as simulation primitive; diplomacy and technology authorization/UI pending.
MAP-008,MAP,隱藏陰影／音訊等洩漏,system,04,proposed,true,unverified,in_progress,packages/sim/vision.ts;packages/sim/protocol.ts;apps/web/scene.ts,tests/vision.test.ts;tests/browser.mjs,docs/first-use-005.md,Normal Worker view excludes hidden enemy units and unknown objects; renderer receives only known static snapshots. Multiplayer filtering and audio/reflection leak audits pending.
NAV-001,NAV,群體路徑搜尋,system,05,proposed,true,unverified,in_progress,packages/sim/movement.ts;packages/sim/navigation.ts;packages/sim/sim.ts;packages/content/footprints.ts,tests/movement.test.ts;tests/navigation.test.ts;tests/footprints.test.ts;tests/controls-browser.mjs,docs/first-use-007.md;docs/first-use-008.md;test-results/movement-benchmark.json,"One group search per order (BFS from the goal, shared 128-node tick budget chosen from a 32/64/128/256 sweep). Stations assigned far-end first; per-unit routes via the search tree. 3/8/24/40-unit gate workload: all settle, 0 stuck. Formation facing/ranks not implemented."
NAV-002,NAV,動態阻擋更新,system,05,proposed,true,unverified,not_started,,,,
NAV-003,NAV,單位半徑與近戰站位,system,05,proposed,true,unverified,in_progress,packages/sim/movement.ts;packages/sim/navigation.ts,tests/movement.test.ts,docs/first-use-008.md,"Units hold one node and reserve the next (radius 25 on a 50-unit grid): no body overlap and no pass-through, asserted every tick in tests. Melee/ranged standing positions belong to combat (E) and are not implemented."
NAV-004,NAV,局部避讓與卡住恢復,system,05,proposed,true,unverified,in_progress,packages/sim/movement.ts,tests/movement.test.ts;packages/sim/benchmark.ts,docs/first-use-008.md;test-results/movement-benchmark.json,"Wait, idle friendly step-aside, same-order station exchange and head-on route swap, arrival radius 150, bounded replans (detourLimit 12) and explicit stuck after 300 ticks without progress. Continuous local steering is not implemented (grid moves)."
NAV-005,NAV,隊形收縮與展開,system,05,proposed,true,unverified,not_started,,,,
NAV-006,NAV,窄門／雙向通行,system,05,proposed,true,unverified,in_progress,packages/content/footprints.ts;packages/sim/navigation.ts;packages/sim/movement.ts,tests/footprints.test.ts;tests/navigation.test.ts;tests/movement.test.ts;tests/first-use-gate.mjs;tests/controls-browser.mjs,docs/first-use-007.md;docs/first-use-008.md,"Single-file town-center gate: 15-40 villagers queue through; head-on pair resolves (reroute or swap); dead-end corridor reports stuck while others arrive. Gates with doors, diplomacy and large units not implemented."
NAV-007,NAV,巡邏／攻擊移動／佇列,system,05,proposed,true,unverified,not_started,,,,
NAV-008,NAV,船隻靠岸與導航,system,05,proposed,true,unverified,not_started,,,,
INPUT-001,INPUT,單選／框選／加選,system,06,proposed,true,unverified,in_progress,apps/web/main.ts;apps/web/scene.ts;apps/web/index.html,tests/controls-browser.mjs;tests/browser.mjs,docs/first-use-008.md,"Left click select, 4 px drag box select, Shift add/remove, empty-ground click deselects, enemy units never selectable, touch tap select. Double-click same-type selection not implemented."
INPUT-002,INPUT,編組與快捷鍵,system,06,proposed,true,unverified,in_progress,apps/web/main.ts,tests/controls-browser.mjs,docs/first-use-008.md,"Ctrl+digit stores a group, digit recalls, Esc clears, S stops; ignored while typing in fields. Key remapping not implemented; Ctrl+digit may be captured by some browsers on Windows/Linux (unverified)."
INPUT-003,INPUT,工作派遣與目標命令,system,06,proposed,true,unverified,in_progress,apps/web/main.ts;packages/sim/protocol.ts;packages/sim/sim.ts,tests/controls-browser.mjs;tests/movement.test.ts;tests/worker.test.ts,docs/first-use-008.md,Right-click ground issues one group move command (touch: tap after selecting); stop command. Gather/build/attack orders do not exist yet and no buttons suggest them.
INPUT-004,INPUT,建造預覽與取消,system,06,proposed,true,unverified,in_progress,apps/web/main.ts;apps/web/scene.ts;packages/sim/buildings.ts,tests/first-use-build.mjs;tests/first-use-hud.mjs;tests/build.test.ts,docs/first-use-010.md;docs/first-use-013.md,"Q/W or the command tile starts placement; a translucent footprint follows the pointer, green when the shared placementProblem passes, red with the reason in the command note. Left click places (Shift keeps placing), right click or Esc cancels; Del or the cancel tile removes a foundation with full refund."
INPUT-005,INPUT,minimap／鏡頭操作,system,06,proposed,true,unverified,in_progress,apps/web/main.ts;apps/web/scene.ts;apps/web/index.html,tests/first-use-hud.mjs;tests/controls-browser.mjs,docs/first-use-013.md,"2D minimap drawn with the camera heading and 45-degree foreshortening, so the view outline is a rectangle: fog states, known buildings, resources and projected units only. Left click/drag moves the camera, right click moves the selection or sets a rally point. Arrow keys pan, wheel and +/- zoom, rotate button, F frames the selection, H jumps to the town center, ""."" cycles idle villagers. Minimap pings, signals and edge scrolling are not implemented."
INPUT-006,INPUT,HUD 真實資料與成本提示,system,06,proposed,true,unverified,in_progress,apps/web/main.ts;apps/web/index.html;apps/web/scene.ts,tests/first-use-hud.mjs;tests/first-use-production.mjs;tests/first-use-build.mjs,docs/first-use-013.md,"Full-window game screen: top bar with four stocks, population (reserved shown in its tooltip), age and game clock straight from the Worker projection; bottom HUD with a 5x3 command grid, selection panel (portrait, HP, attack, range, cargo, status; group portraits; building HP, progress, queue with progress bars) and minimap. Icons are renders of the game's own brick models. Hover or focus shows a card with name, hotkey, cost (short resources marked), time, population and the disabled reason. Enemy selection/inspection and per-player score are not implemented."
INPUT-007,INPUT,訓練／科技佇列操作,system,06,proposed,true,unverified,in_progress,apps/web/main.ts;apps/web/index.html,tests/first-use-production.mjs;tests/first-use-hud.mjs;tests/techs.test.ts,docs/first-use-011.md;docs/first-use-013.md;docs/first-use-029.md,"Select a building to see its production list (names and costs from the ruleset), per-item disabled reasons from the shared trainBlocker, queue with progress and cancel buttons, rally point via right-click. Production tiles take Q W E R T in order; a researched age leaves the grid. Queue reordering is not implemented. v29: production tiles take Q W E R T A D Z X C V B Y (13). The villager build grid has two pages (first and second age; third age) switched by N or the page tile; a building's letter works from either page and turns to it (FU29-6). Technology cards list the Effect texts. A hovered production tile no longer throws when Esc deselects its building (FU29-5)."
INPUT-008,INPUT,失焦／輸入法／UI 隔離,system,06,proposed,true,unverified,in_progress,apps/web/main.ts,tests/controls-browser.mjs;tests/browser.mjs;tests/first-use-hud.mjs,docs/first-use-008.md,"Shortcuts ignored in inputs/textareas/selects; context menu suppressed on the scene only; drag ending over the top bar uses pointer capture and presses nothing; the game page never scrolls, arrows always pan; the menu pauses the match and only Esc/F10 work while it is open; blur cancels a drag; background tab/blur pauses the sim. IME composition not separately tested."
ECO-001,ECO,四資源帳本,system,07,proposed,true,unverified,in_progress,packages/sim/economy.ts;packages/sim/work.ts;packages/sim/sim.ts;packages/sim/protocol.ts,tests/economy.test.ts;tests/gather.test.ts,docs/first-use-009.md,Stock changes only through deposits (and existing reservations); cumulative ledger extracted = deposited + carried is asserted every tick in tests. HUD reads the Worker projection of the own account only.
ECO-002,ECO,採集／攜帶／送返循環,system,07,proposed,true,unverified,in_progress,packages/sim/work.ts;packages/sim/movement.ts;apps/web/main.ts;apps/web/scene.ts,tests/gather.test.ts;tests/first-use-economy.mjs,docs/first-use-009.md,"toSource -> gathering -> toDropoff -> deposit -> resume, carry 10, deterministic per-tick progress; move/stop end work but keep cargo; a gather order for another resource returns cargo first; depletion returns cargo then switches to the nearest same-yield source within 600 or idles. Villager pose/tool follow the sim state."
ECO-003,ECO,合法 dropoff 與工作站位,system,07,proposed,true,unverified,in_progress,packages/sim/work.ts;packages/sim/buildings.ts;packages/content/rules.ts,tests/gather.test.ts;tests/first-use-hud.mjs,docs/first-use-009.md;docs/first-use-019.md,"Work slots: walkable nodes within 50 of the resource footprint (same rule as the map generator). v19 drop-offs (dropoffRules, design_default): the town centre takes everything, lumber camp wood, mining camp gold and stone, mill food; only completed own buildings count, and a carrier walks to the nearest ring node of any accepting one. Upgrades that raise carry or gather speed not implemented."
ECO-004,ECO,伐木／金礦／石礦,system,07,proposed,true,unverified,in_progress,packages/sim/work.ts;packages/sim/navigation.ts,tests/gather.test.ts;tests/terrain.test.ts,docs/first-use-009.md,"Trees, stone and gold gathered with design_default rates (1 per 20/25/25 ticks); exhausted nodes free their navigation ground. Upgrades and tool technologies not implemented."
ECO-005,ECO,食物來源／狩獵／家畜,system,07,proposed,true,unverified,in_progress,packages/sim/fauna.ts;packages/sim/animals.ts;packages/sim/work.ts;packages/sim/navigation.ts;packages/sim/ai.ts;apps/web/animal-rig.ts;packages/sim/naval.ts;packages/sim/terrain.ts,tests/animals.test.ts;tests/gather.test.ts;tests/first-use-economy.mjs;tests/farm.test.ts;tests/naval.test.ts;tests/ai.test.ts,docs/first-use-023.md;docs/first-use-030.md,"Sheep, deer and boar are units (GAIA until found; sheep change hands by proximity). Villagers hunt (strike, deer flee, boar charges) and gather the carcass; carcasses spoil slowly; shore fish are worked from land. Fishing ships, docks and fish traps are not implemented. v30: docks (on water by the shore), fishing ships (shore and deep fish, villagers' fishing pace, carry 10, drop-off at own docks only, no villager gather or carry technologies; Gillnets and the Japanese bonus apply) and fish traps (laid and worked by fishing ships only, 1000 food, owner only, gone when worked out; no reseed queue)."
ECO-006,ECO,農田耗盡與補種,system,07,proposed,true,unverified,in_progress,packages/sim/buildings.ts;packages/sim/work.ts;packages/sim/combat.ts;apps/web/main.ts;apps/web/scene.ts,tests/farm.test.ts;tests/economy-tech.test.ts;tests/first-use-match.mjs,docs/first-use-014.md,"Farm: building (wood 60, 200x200, walkable), becomes an owner-only food source of 250 on completion; farmers stand on the field; worked out or destroyed removes it. Automatic reseeding (mill toggle, default on): the farmer who works a field out lays a new one on the spot for 60 wood, builds it and farms it; a farm's builder farms it."
ECO-007,ECO,採集科技與換工恢復,system,07,proposed,true,unverified,in_progress,packages/sim/tech.ts;packages/sim/work.ts;packages/sim/production.ts;packages/sim/ai.ts;apps/web/tech-icons.ts,tests/economy-tech.test.ts,docs/first-use-024.md;docs/first-use-029.md,"13 economic technologies (Loom, Wheelbarrow, Hand Cart, lumber/gold/stone upgrades, Horse Collar, Heavy Plow, Crop Rotation). Gather rate in hundredths per tick with carried remainder; effects apply to work under way. Villager speed bonuses omitted (speeds must divide 50). v29: the divide-50 constraint on speeds is gone (speeds to a hundredth with carried remainder), but the Wheelbarrow and Hand Cart villager speed bonuses are still not implemented. Treadmill Crane (University) speeds construction +20%."
ECO-008,ECO,市場買賣／價格／進貢,system,07,proposed,true,unverified,in_progress,packages/sim/market.ts;packages/sim/sim.ts;packages/content/civs.ts;packages/content/techs.ts,tests/buildings-030.test.ts;tests/ai.test.ts,docs/first-use-030.md;docs/aoe2-rules-research.md,"v30: market buy/sell of 100 food, wood or stone for gold at fair prices shared by both players (start 100/100/130, moving 2 a lot, 20-9999), fee 30% (Guilds 15%, Saracens 5%), rounded to whole gold; ledger.market. Tribute, Coinage and Banking are not implemented (one player a side, no allies)."
ECO-009,ECO,資源中斷／死亡／轉化處理,system,07,proposed,true,unverified,in_progress,packages/sim/work.ts;packages/sim/combat.ts;packages/sim/religion.ts,tests/gather.test.ts;tests/religion.test.ts,docs/first-use-009.md;docs/first-use-021.md,"Order interruption and depletion rules implemented and tested. Death and conversion drop carried resources into the owner's lost ledger (conversion since v21). Queued orders for a unit that changed sides no longer apply to it (v21, tested)."
BUILD-001,BUILD,建築佔地與合法性,system,08,proposed,true,unverified,in_progress,packages/sim/buildings.ts;packages/content/footprints.ts;apps/web/main.ts;apps/web/scene.ts;packages/sim/naval.ts,tests/build.test.ts;tests/first-use-build.mjs;tests/buildings-030.test.ts;tests/naval.test.ts,docs/first-use-010.md;docs/first-use-030.md,"House and barracks placement on the 50-unit grid: inside map, explored, buildable and level tiles, no overlap with obstacles, no unit body inside. One shared rule for Worker (full map) and page preview (known data only). Foundations block navigation at once; units with a crossing route reroute. Rotation, walls and docks not implemented. v30: walls are dragged as a straight line of one-tile segments (build.to, up to 24, each validated and paid on its own); gates may replace the owner's wall segment of the same material; docks stand wholly on water or shallows with a tile next to buildable land, fish traps anywhere on water; nothing is built over a gate, fish trap or farm (full extent). Rotation is still not implemented."
BUILD-002,BUILD,多工人施工與取消退款,system,08,proposed,true,unverified,in_progress,packages/sim/buildings.ts;packages/sim/work.ts;packages/sim/economy.ts,tests/build.test.ts;tests/first-use-build.mjs,docs/first-use-010.md,"Cost reserved at placement (execution tick), committed on completion; cancel refunds 100% (economyRules.cancellationRefundPercent) and frees the ground. Builders stand on the ring outside the foundation; each adds 1 work/tick (required = entry time x tick rate). Same-tick overspend refused at execution with a logged reason."
BUILD-003,BUILD,維修與施工受攻擊,system,08,proposed,true,unverified,not_started,,,,
BUILD-004,BUILD,人口使用／保留／上限,system,08,proposed,true,unverified,in_progress,packages/sim/buildings.ts;packages/sim/production.ts;packages/sim/economy.ts,tests/build.test.ts;tests/production.test.ts;tests/economy.test.ts,docs/first-use-010.md;docs/first-use-011.md,"Cap = min(40, completed housing: town center 5, house 5). Training reserves population when queued (refused with 人口已滿 x/cap when used+reserved would exceed cap), commits on spawn, refunds on cancel. Unit death and building loss not implemented."
BUILD-005,BUILD,生產佇列／集結點／堵出口,system,08,proposed,true,unverified,in_progress,packages/sim/production.ts;apps/web/main.ts,tests/production.test.ts;tests/first-use-production.mjs,docs/first-use-011.md,"Queue of up to 5 per building; only the first item advances (1 work/tick, required = entry time x tick rate); cost and population reserved at enqueue, full refund on cancel. Finished units spawn on the free ring node nearest the rally point (or the front); with every exit node occupied the item waits at 100% and spawns once one frees. Rally point per building, new units walk there. Reordering the queue not implemented."
BUILD-006,BUILD,四時代與前置條件,system,08,proposed,true,unverified,in_progress,packages/content/rules.ts;packages/sim/production.ts;packages/sim/buildings.ts;apps/web/scene.ts;apps/web/main.ts,tests/production.test.ts;tests/foundation.test.ts;tests/first-use-production.mjs;tests/first-use-feudal.mjs;tests/first-use-hud.mjs,docs/first-use-011.md;docs/first-use-020.md,"Ages researched at the town center in sequence (age-2 -> age-3 -> age-4, design_default costs); one research of a kind at a time per player. v20: buildRequirement checks both ages and finished own buildings from the rule data, shared by the Worker and the page: the stable and the archery range need the second age and a finished barracks (reference prerequisite, medium-confidence source in aoe2-rules-research.md). Archers need the second age and train at the archery range. Own buildings render in the new age. No building prerequisites for advancing and no stat upgrades per age yet."
BUILD-007,BUILD,科技圖／互斥／疊加規則,system,08,proposed,true,unverified,in_progress,packages/content/civs.ts;packages/sim/civ.ts;packages/content/techs.ts;packages/content/rules.ts,tests/civilizations.test.ts;tests/techs.test.ts;tests/codex.test.ts;tests/buildings-030.test.ts;tests/naval.test.ts,docs/first-use-027.md;docs/first-use-029.md;docs/aoe2-rules-research.md;docs/first-use-030.md,"v27: stacking rules exist for civilization effects only (adds sum, multipliers multiply, age tiers replace each other, unique technologies in their Castle); a general technology graph with mutual exclusion is not implemented. v29: 22 generic technologies (University 8; barracks, archery range, stable, town centre and monastery 2-3 each; Castle 3) researched at their building after their age and prerequisite (Architecture after Masonry, Keep after Guard Tower, Town Patrol after Town Watch); their effects are Effect records in packages/content/techs.ts that packages/sim/civ.ts adds to every civilization's list, so they stack with civ bonuses by the same rules (adds sum, multipliers multiply) and enter rulesetHash. Chemistry is a prerequisite of the hand cannoneer and bombard cannon. Mutually exclusive technologies are still not implemented. v30: the dock's (War Galley, Galleon, Fast Fire Ship, Heavy Demolition Ship, Elite Cannon Galleon, Elite Longboat, Gillnets, Careening, Dry Dock, Shipwright), the market's (Caravan, Guilds) and the University's remaining technologies (Heated Shot, Fortified Wall, Bombard Tower) with their effects; War Galley upgrades three lines at once; buildRequirement checks a technology prerequisite (the bombard tower). New effect kinds marketFee, transportCapacity, arrowBonus."
BUILD-008,BUILD,所有目標建築資料,system,08,proposed,true,unverified,in_progress,packages/sim/buildings.ts;packages/content/rules.ts;apps/web/scene.ts;apps/web/main.ts;apps/web/castle-building.ts;apps/web/university-building.ts;packages/content/footprints.ts;packages/sim/market.ts;packages/sim/naval.ts;packages/sim/vision.ts;apps/web/harbor-building.ts;apps/web/fortification-building.ts;apps/web/wonder-building.ts,tests/build.test.ts;tests/gather.test.ts;tests/production.test.ts;tests/first-use-hud.mjs;tests/first-use-feudal.mjs;tests/first-use-full.mjs;tests/monastery-building.test.ts;tests/first-use-monastery.mjs;tests/civilizations.test.ts;tests/techs.test.ts;tests/building-support.test.ts;tests/buildings-030.test.ts;tests/naval.test.ts,docs/first-use-010.md;docs/first-use-019.md;docs/first-use-020.md;docs/first-use-021.md;docs/first-use-027.md;docs/first-use-029.md;docs/first-use-030.md;docs/aoe2-rules-research.md,"Playable buildings: town center (start), house, barracks (militia), farm, lumber camp, mining camp, mill, stable (scouts), archery range (archers), monastery (monks, third age). Archery range wood 175 matches a medium-confidence reference source; other costs, all times and hit points are design_default. Blacksmith, market, dock, towers, walls and castle are inspector models or absent. v27: the Castle (third age, 300 stone and 60 s design_default against 650 stone on aoetw.com, 800 hp, 4x4, houses 10, holds 20, four arrows) trains unique units and researches unique technologies; the neutral Settlers have none. v29: the University (third age, wood 200, 40 s design_default against 60 s on aoetw.com, 3x3 against 4x4, 350 hp against 2100) researches the eight University technologies and trains nothing; villager tile U on the build grid's third-age page. Masonry and Architecture add +10% hp and +1/+1 armor to every building each (building armor is now per owner: stats.ts buildingTargetOf); Guard Tower and Keep x1.47 and x1.5 tower hp (250 -> 368 -> 551); Hoardings x1.21 Castle hp. v30: every remaining building of the 13 civilizations' trees: a second town centre from the third age (275 wood 100 stone), market, dock, fish trap, outpost (sight by age), palisade and stone walls, palisade gate and gate, bombard tower (after its University technology), wonder (wood 1000 gold 500 stone 500 scaled to this map). Build times about the site's / 2.5, hit points about the site's / 6 (design_default)."
BUILD-009,BUILD,城牆／城門與外交,system,08,proposed,true,unverified,in_progress,packages/sim/buildings.ts;packages/sim/movement.ts;packages/content/footprints.ts;packages/sim/work.ts,tests/buildings-030.test.ts,docs/first-use-030.md;docs/aoe2-rules-research.md,"v30: palisade and stone walls (one-tile segments dragged as a line, each paid on its own; builders move on to the nearest unfinished segment within 300), palisade gate and gate (one tile, no blocking rectangle; closed to the enemy by a per-player gate overlay in movement.ts, open to the owner; can replace the owner's wall segment of the same material), Fortified Wall, the Chinese Great Wall on walls and gates. Gates cannot be locked, are 1x1 and do not rotate; walls, gates and the wonder cannot be converted. Diplomacy is not implemented."
BUILD-010,BUILD,駐軍／出城與附加效果,system,08,proposed,true,unverified,in_progress,packages/sim/defense.ts;packages/sim/sim.ts;apps/web/main.ts;packages/sim/civ.ts,tests/defense.test.ts;tests/civilizations.test.ts;tests/techs.test.ts;tests/buildings-030.test.ts,docs/first-use-026.md;docs/first-use-027.md;docs/first-use-029.md;docs/first-use-030.md,"Town centres (15) and watch towers (5) take villagers, foot soldiers, archers and monks; units inside heal, add an arrow each (villagers and archers), come out on an order or when the building falls or changes sides. Town bell with back-to-work. Garrison in rams and other buildings not implemented. v27: the Castle holds 20 (foot units only; villagers and foot archers inside add an arrow each); Teutons double tower garrison (10) and add 10 to town centres (25). v29: Herbal Medicine (monastery) makes units inside the owner's buildings heal 6 hit points every 40 ticks instead of 1, spread evenly (floor(tick x 6 / 40) steps, FU29-2); Teutons get it free. v30: the bombard tower holds 5 but those inside add no shots; transports carry land units like a garrison (naval.ts). Docks hold nobody."
COMBAT-001,COMBAT,傷害與護甲類別,system,09,proposed,true,unverified,in_progress,packages/sim/stats.ts;packages/sim/combat.ts;packages/sim/animals.ts;packages/content/techs.ts,tests/combat.test.ts;tests/military.test.ts;tests/techs.test.ts,docs/first-use-025.md;docs/first-use-029.md,"Melee and pierce attacks against [melee, pierce] armor; damage = max(1, attack - armor + class bonuses). Buildings have armor [0,2]. Values design_default. v29: building armor depends on the owner's Masonry and Architecture (+1/+1 each; damageOn reads buildingTargetOf). New effect kinds: bonusScale (Siege Engineers x1.2 of the bonus against buildings) and class bonuses from Arson (+2 infantry) and Sappers (+15 villagers) against buildings."
COMBAT-002,COMBAT,兵種相剋與加成,system,09,proposed,true,unverified,in_progress,packages/sim/stats.ts;packages/sim/ai.ts,tests/military.test.ts,docs/first-use-025.md,"Spearman (+12 vs cavalry), skirmisher (+4 vs archers, +3 vs spearmen, pierce armor 3), archer (+3 vs spearmen), knight (heavy cavalry). The computer answers seen cavalry with spearmen and seen archers with skirmishers."
COMBAT-003,COMBAT,射程／最小射程／攻速,system,09,proposed,true,unverified,in_progress,packages/sim/stats.ts;packages/sim/combat.ts;packages/sim/movement.ts,tests/combat.test.ts;tests/units.test.ts;tests/techs.test.ts,docs/first-use-012.md;docs/first-use-028.md;docs/first-use-029.md,"Range (Chebyshev: 50 melee, 250 archer) and fixed cooldown ticks (20/30). Ranged units stop and shoot inside range. No minimum range. Hits are instant; no projectiles. v28: minimum ranges (mangonel 150, scorpion 100, trebuchet 200): automatic fights skip targets inside it and drop a target that comes inside; an ordered attack walks back out to firing distance (approach takes a minimum). Siege ranges 150 + 50 a tile (mangonel and scorpion 500, onager 550, trebuchet 950), archers keep 50 + 50 a tile; siege and melee cooldowns = seconds x10, ranged x15. v29: correction to the v28 note: siege ranges are 50 + 50 a tile like archers (mangonel and scorpion 400, onager 450, trebuchet 850). Siege Engineers +50 range to siege except the ram line; hand cannoneer 400; bombard cannon 650 with a 250 minimum (Turks' Artillery +100); Thumb Ring cooldown /1.18 foot archers, /1.11 cavalry archers (Mangudai included), /1.25 Chu Ko Nu."
COMBAT-004,COMBAT,投射物與移動目標,system,09,proposed,true,unverified,not_started,,,,
COMBAT-005,COMBAT,高低差與障礙規則,system,09,proposed,true,unverified,not_started,,,,
COMBAT-006,COMBAT,濺射／穿透／友軍傷害,system,09,proposed,true,unverified,in_progress,packages/sim/combat.ts;packages/sim/stats.ts;packages/content/civs.ts,tests/units.test.ts;tests/techs.test.ts;tests/naval.test.ts,docs/first-use-028.md;docs/aoe2-rules-research.md;docs/first-use-029.md;docs/first-use-030.md,"v28: blast (mangonel 75, onager 90, siege onager 110; Warwolf trebuchet 75): every enemy unit within the radius of the impact (the target's centre or a building's footprint) takes the full hit with its own armor. Pass-through (scorpions): enemy units within 25 of the line from the shooter to 200 past a unit target take half the attack, those between shooter and target included. Own units are never hit (design_default; aoetw says mangonels hurt own units). No ground attack. v29: bombard cannon blast 50 (one node; aoetw 0.5 tile; 25 reached only the target itself, FU29-4). v30: the demolition raft line (blast 125/150/175) uses the petard's self-destruct and the blast rule against units and buildings."
COMBAT-007,COMBAT,姿態／追擊／索敵,system,09,proposed,true,unverified,in_progress,packages/sim/combat.ts;packages/sim/stats.ts,tests/combat.test.ts;tests/open-map.test.ts,docs/first-use-017.md;docs/first-use-021.md,"Idle militia and archers engage enemies within their engage radius; villagers, scouts and monks fight only when ordered (monks never attack). v21 fix: a building target's visibility used a 16-wide tile index on every map, so on the 32x32 map attacks on buildings were accepted or cancelled by unrelated tiles (regression test in combat.test.ts). v21: a remembered enemy building in the fog can be targeted (as in the reference); if it is already gone the order is still accepted and becomes a walk to the remembered spot, so nothing leaks. Unit targets must be visible. No stances."
COMBAT-008,COMBAT,攻城器展開與收起,system,09,proposed,true,unverified,in_progress,packages/sim/stats.ts;packages/sim/production.ts;apps/web/siege-rig.ts;packages/sim/combat.ts;packages/sim/movement.ts;packages/sim/sim.ts;packages/sim/protocol.ts;apps/web/main.ts,tests/defense.test.ts;tests/units.test.ts;tests/unit-rig.test.ts,docs/first-use-026.md;docs/first-use-028.md;docs/aoe2-rules-research.md,"Battering ram from the siege workshop (third age, needs a blacksmith): buildings only (+40), pierce armor 120, speed 2. Mangonels, scorpions, trebuchets (pack/unpack) not implemented. v28 (replaces the last sentence): mangonel and scorpion lines from the siege workshop, Capped and Siege Ram upgrades; the trebuchet (Castle, fourth age) unpacks 150 ticks (7.5 s) on the spot before its first shot and packs 150 ticks before its first step (State.setups); stopping a half-done packing to shoot again resets it (FU28-1). Rams and trebuchets are buildingsOnly and never pick a target by themselves. Kataparuto: setup x0.25. The Worker projects UnitView.unpacked (stride 19); the model switches between a packed wagon and a standing frame without a packing animation. One trebuchet armor set [1,8] in both states."
COMBAT-009,COMBAT,死亡事件與人口清理,system,09,proposed,true,unverified,in_progress,packages/sim/combat.ts;packages/sim/economy.ts,tests/combat.test.ts,docs/first-use-012.md,"Death removes the unit, frees population, records carried cargo as lost (ledger extracted = deposited + carried + lost), cancels its work and leaves a 40-tick corpse for the death pose. Destroyed buildings free their ground, recompute housing and forfeit foundation/queue money (reserved population released)."
COMBAT-010,COMBAT,所有目標單位與升級,system,09,proposed,true,unverified,in_progress,packages/sim/stats.ts;packages/sim/production.ts;apps/web/main.ts;packages/content/rules.ts;packages/sim/combat.ts;packages/sim/naval.ts,tests/military.test.ts;tests/civilizations.test.ts;tests/units.test.ts;tests/codex.test.ts;tests/techs.test.ts;tests/naval.test.ts;tests/buildings-030.test.ts,docs/first-use-025.md;docs/first-use-027.md;docs/first-use-028.md;docs/aoe2-rules-research.md;docs/first-use-029.md;docs/first-use-030.md,"Six unit-line upgrades (Man-at-Arms, Long Swordsman, Pikeman, Crossbowman, Elite Skirmisher, Light Cavalry) and 15 blacksmith technologies; units in the field take new numbers at once. Siege, gunpowder, cavalry archers, camels and later lines not implemented. v27: 13 unique units with elite upgrades (the Janissary and Mangudai are the only gunpowder and cavalry-archer units); generic gunpowder, cavalry-archer and camel lines remain absent. v28: cavalry archer, camel rider, mangonel, scorpion, trebuchet and petard, and 14 fourth-age line upgrades (Two-Handed Swordsman, Champion, Halberdier, Arbalester, Heavy Cavalry Archer, Hussar, Cavalier, Paladin, Heavy Camel Rider, Capped Ram, Siege Ram, Onager, Siege Onager, Heavy Scorpion) researched at the unit's building after the step before; costs and times from aoetw.com, stats converted (docs/aoe2-rules-research.md 單位). Camels are their own class; the spear line gained camel bonuses; blacksmith melee attack and barding reach camels. Still absent: naval and gunpowder units, other civs' unique units, expansion-only units (e.g. Imperial Camel Rider); the computer trains none of the new units. v29: hand cannoneer (archery range) and bombard cannon (siege workshop), fourth age after Chemistry; costs and times from aoetw.com, stats converted (docs/aoe2-rules-research.md 科技). No accuracy model: every shot hits. Generic technologies that change unit numbers: Chemistry, Siege Engineers, Squires, Arson, Thumb Ring, Parthian Tactics, Bloodlines, Husbandry, Fervor, Sappers, Supplies (cost), Conscription (training time). v30: ships on the water layer: fishing ship, transport ship, trade cog, galley line, fire galley line, demolition raft line, cannon galleon (+elite) and the Viking longboat; trade cart. Ships approach on their own layer; only units with range 150 or more engage across the shore; units with attack 'none' refuse attack orders. No accuracy model."
SPECIAL-001,SPECIAL,漁船／漁業與返還,system,10,proposed,true,unverified,not_started,,,,
SPECIAL-002,SPECIAL,戰船與碼頭維修,system,10,proposed,true,unverified,in_progress,packages/sim/stats.ts;packages/sim/naval.ts;packages/sim/combat.ts;packages/sim/production.ts;apps/web/vessel-rig.ts,tests/naval.test.ts;tests/unit-rig.test.ts,docs/first-use-030.md,"v30: warships trained at the dock and leaving it on the water side; galley, fire and demolition lines, cannon galleon, longboat; transports load and unload, a sunk transport kills its passengers. Repair (of ships, docks or any building) is not implemented."
SPECIAL-003,SPECIAL,運輸登船／下船／容量,system,10,proposed,true,unverified,not_started,,,,
SPECIAL-004,SPECIAL,運輸死亡與乘員處理,system,10,proposed,true,unverified,not_started,,,,
SPECIAL-005,SPECIAL,陸海貿易實際往返,system,10,proposed,true,unverified,in_progress,packages/sim/market.ts,tests/buildings-030.test.ts;tests/ai.test.ts,docs/first-use-030.md;docs/aoe2-rules-research.md,"v30: trade carts loop between their nearest own market and the other player's market, trade cogs between docks; gold per round trip round(D*(D/S+0.3)*1.4) (cog x0.75; D tiles between the buildings, S the map side; after the AoE II community formula, scaled, design_default), paid on return home (ledger.trade); Caravan +50% speed."
SPECIAL-006,SPECIAL,外交／交易目的地失效,system,10,proposed,true,unverified,in_progress,packages/sim/market.ts,tests/buildings-030.test.ts,docs/first-use-030.md,"v30: a trade route ends when either end falls or changes hands, the unit changes sides, any other order is given, or the route is unreachable 3 times. Diplomacy is not implemented."
SPECIAL-007,SPECIAL,僧侶治療與轉化,system,10,proposed,true,unverified,in_progress,packages/sim/religion.ts;packages/sim/sim.ts;packages/sim/protocol.ts;packages/sim/ai.ts;apps/web/main.ts;apps/web/scene.ts;apps/web/unit-rig.ts;apps/web/monastery-building.ts,tests/religion.test.ts;tests/monastery-tech.test.ts;tests/ai.test.ts;tests/monastery-building.test.ts;tests/first-use-monastery.mjs,docs/first-use-021.md;docs/first-use-022.md,"Monastery (third age, wood 175) trains monks (gold 100, 30 hp). v22 conversion as in the reference research: one attempt per 24 ticks (1.2 s; sources conflict with 1 s), attempts 1-3 fail, then 28% each (seeded generator), the 10th always succeeds. Heal: own wounded non-monk units, range 150, 1 hp per 20 ticks, automatic when idle (rate and ranges design_default). The computer trains up to 2 monks, converts enemies within 700 of its town centre and fetches relics."
SPECIAL-008,SPECIAL,轉化科技／抵抗／冷卻,system,10,proposed,true,unverified,in_progress,packages/sim/religion.ts;packages/sim/production.ts;packages/content/rules.ts;apps/web/tech-icons.ts,tests/monastery-tech.test.ts;tests/religion.test.ts;tests/first-use-monastery.mjs,docs/first-use-021.md;docs/first-use-022.md,"v22: Redemption (buildings except town centre, monastery, farm; adjacent; 18-30 s), Atonement, Sanctity (+15 hp, existing monks too), Heresy, Illumination (recharge x2), Block Printing (+3 range, 117 here), Theocracy (only the converter rests), Faith (attempts 6-14; the reference's per-attempt chance with Faith is unverified). Costs from the reference; research time design_default 20 s. Fervor (+15% speed: movement per tick must divide 50) and Herbal Medicine (no garrison) not implemented."
SPECIAL-009,SPECIAL,遺跡攜帶／存入／掉落,system,10,proposed,true,unverified,in_progress,packages/sim/religion.ts;packages/sim/sim.ts;packages/sim/buildings.ts;apps/web/main.ts;apps/web/scene.ts;apps/web/relic-model.ts,tests/relics.test.ts;tests/first-use-monastery.mjs,docs/first-use-022.md,"v22: 5 relics on the open map (seeded, far from both bases at similar distance). Only monks carry them (relic command), a carrier cannot convert, a killed carrier drops it where it fell, deposit into an own finished monastery (max 10); a razed monastery leaves them on the ground (design). Remembered relics can be ordered without leaking fog; nothing is built over a relic."
SPECIAL-010,SPECIAL,遺跡產出與特殊勝利,system,10,proposed,true,unverified,in_progress,packages/sim/religion.ts;packages/sim/combat.ts;apps/web/main.ts,tests/relics.test.ts;tests/first-use-relics.mjs,docs/first-use-022.md,"v22: each stored relic yields 1 gold per 40 ticks (0.5/s, ledger.relic). Holding every relic starts a 20000-tick countdown (200 years, 16:40); losing one cancels it; the end is Outcome.reason 'relic'. The reference scales the timer with map size; here it is fixed."
CIV-001,CIV,文明科技樹差異,content,11,proposed,true,unverified,in_progress,packages/content/civs.ts;packages/content/rules.ts;packages/sim/civ.ts;packages/sim/sim.ts;apps/web/main.ts;apps/web/codex-model.ts,tests/civilizations.test.ts;tests/codex.test.ts;tests/units.test.ts;tests/techs.test.ts;tests/naval.test.ts,docs/first-use-027.md;docs/aoe2-rules-research.md;docs/first-use-028.md;docs/first-use-029.md;docs/first-use-030.md,"v27: 13 civilizations from aoetw.com plus the neutral Settlers (拓荒者, no bonuses). A civ's missing list holds the tree page's unavailable cells that exist in this game; rules.civilizations turns it into an unavailable list, submit refuses those entries and the page hides their tiles. missingLater lists tree gaps whose content does not exist here yet (documentation only). The site's other 22 civilizations are not implemented. v28: missing lists take the 單位 round's gaps from the tree pages (e.g. Britons: Hussar, Paladin, camels, Siege Ram, Siege Onager; Turks: Onager line); rules.civilizations also drops whatever needs a missing building or step (the Settlers have no Castle, so no trebuchet, petard or Castle technologies). Following the tree pages reverses v27's Mongol halberdier decision (first-use-028 FU28-8, open). v29: missing lists take the 科技 round's gaps (generic technologies, University content, hand cannoneer, bombard cannon) from the tree pages; tests/techs.test.ts sweeps every civ. Exception: the Byzantines keep Masonry and Architecture although the tree page and both tech pages mark them unavailable (kept as a site error; reason not yet recorded, first-use-029 FU29-7, open). v30: the tree pages' gaps for the dock, market, walls and University items (Byzantines without the bombard tower, Vikings without the fire galley line and the Elite Cannon Galleon, Turks without Shipwright: tree page over unit and tech pages); missingLater keeps only other civilizations' unique units."
CIV-002,CIV,文明專屬單位,content,11,proposed,true,unverified,in_progress,packages/content/civs.ts;packages/content/rules.ts;packages/sim/stats.ts;packages/sim/production.ts;packages/sim/combat.ts;apps/web/unit-rig.ts;apps/web/character-rig.ts;apps/web/elephant-rig.ts;apps/web/vessel-rig.ts,tests/civilizations.test.ts;tests/codex.test.ts;tests/ai.test.ts;tests/unit-rig.test.ts;tests/character-rig.test.ts;tests/naval.test.ts,docs/first-use-027.md;docs/aoe2-rules-research.md;docs/first-use-030.md,"v27: 13 land unique units trained at the Castle (the Goths also at the barracks after Anarchy) and 13 elite upgrades (fourth age) that restat units already in the field. Numbers from aoetw.com converted to this game's scale (design_default); site values that already carried a civ bonus were taken back to base (Woad Raider speed, Huskarl cost, Janissary hp, Samurai cooldown, Elite Chu Ko Nu and Rocketry cost); the Mangudai cooldown and Berserk hp were already base. Naval unique units (Longboat) are not implemented. Known deviations: no Cataphract bonus-damage resistance, no War Elephant trample, the Mameluke keeps the cavalry class, no per-unit sight. v30: the Viking Longboat (second unique unit, trained and upgraded at the dock; four arrows a volley, three of them 1 each)."
CIV-003,CIV,文明專屬科技,content,11,proposed,true,unverified,in_progress,packages/content/civs.ts;packages/content/rules.ts;packages/sim/civ.ts;packages/sim/defense.ts;packages/sim/production.ts;apps/web/main.ts,tests/civilizations.test.ts;tests/codex.test.ts;tests/units.test.ts;tests/techs.test.ts,docs/first-use-027.md;docs/aoe2-rules-research.md;docs/first-use-028.md;docs/first-use-029.md;docs/first-use-030.md,"v27: 21 of the 26 unique technologies are researched at the Castle (third and fourth age) and act through civ effects. Deferred because their target does not exist here: Warwolf, Greek Fire, Sipahi, Artillery, Kataparuto (never offered; the encyclopedia says why). Costs follow the site and are mostly out of reach of this map's gold; the computer has never researched one. v28: Warwolf (trebuchet blast 75), Kataparuto (setup x0.25, cooldown x0.75) and Sipahi (+20 hp to cavalry archers) are researched at the Castle; only Greek Fire and Artillery stay deferred. v29: Artillery (Turks, Castle, fourth age, gold 500 stone 450, 40 s): bombard cannon range +100; its bombard tower and ship parts are omitted. Only Greek Fire stays deferred. v30: Greek Fire (fire ship line +1 range) - no unique technology is deferred any more."
CIV-004,CIV,文明加成,content,11,proposed,true,unverified,in_progress,packages/content/civs.ts;packages/content/rules.ts;packages/sim/civ.ts;packages/sim/stats.ts;packages/sim/sim.ts;apps/web/main.ts;packages/content/techs.ts,tests/civilizations.test.ts;tests/codex.test.ts;tests/units.test.ts;tests/techs.test.ts;tests/naval.test.ts;tests/buildings-030.test.ts,docs/first-use-027.md;docs/aoe2-rules-research.md;docs/first-use-028.md;docs/first-use-029.md;docs/first-use-030.md,"v27: civ bonuses are data (Effect in packages/content/civs.ts: select, op, value, trigger age/tech, stacking, priority, scope, appliesToExisting) read by packages/sim/civ.ts; there is no per-civ code path. Bonuses whose target does not exist (ships, docks, market, camels, walls, gunpowder technologies, building a second town centre) are listed as omitted with a reason. Whole-number movement steps turn the Celt +15% infantry speed into about +11%. v28: implemented now that their targets exist: Byzantine camels -25%, Chieftains +4 against camels, Saracen cavalry archers +2/+3/+4 against buildings, Zealotry +30 hp to camels, Turkish free Hussar, Chinese Rocketry +4 to scorpions; Furor Celtica and Drill narrowed to the siege workshop's units (not the trebuchet or petard). New effect kinds blast (add) and setup (mul). v29: Turks: free Chemistry, gunpowder +25% hp reaches the hand cannoneer (44) and bombard cannon (100), team bonus trains both 25% faster; Teutons: free Herbal Medicine (free Murder Holes omitted: towers have no minimum range); Byzantines: free Town Watch; Furor Celtica and Drill list the bombard cannon (neither civ has it). Speeds are now kept to a hundredth and the remainder carries over (movement.ts stride), so the Celt +15% infantry speed is a real 5.75 instead of about +11%. New effect kinds buildingMeleeArmor, buildingPierceArmor, buildRate, garrisonHeal, bonusScale; workRate with select.allUnits speeds training only. v30: the bonuses left in omitted for want of ships, docks, a market, walls or buildable town centres: Britons town centre wood -50% from the third age, Viking warship discounts and team dock discount, Byzantine fire ship rate, Persian dock hp and work rate, Saracen market (fee 5%, 75 wood off), transports (x2 hp, +5) and galley rate, Turkish cannon galleon and bombard tower (Artillery, gunpowder techs half price), Chinese demolition ship hp and Great Wall on walls, Japanese fishing ships and team galley sight."
CIV-005,CIV,團隊加成與疊加,content,11,proposed,true,unverified,in_progress,packages/content/civs.ts;packages/sim/civ.ts,tests/civilizations.test.ts;tests/codex.test.ts,docs/first-use-027.md,"v27: each team bonus is an effect with scope 'team'; with one player per side it applies to its owner only. Stacking: additive effects sum, multipliers multiply, the age tiers of one effect replace each other; priority 0 (adds) before 1 (multipliers). Teams of several players are not implemented."
CIV-006,CIV,內容完整性與參照驗證,content,11,proposed,true,unverified,in_progress,packages/content/civs.ts;packages/content/rules.ts;packages/content/codex.ts;apps/web/codex-model.ts;apps/web/codex.ts;packages/content/techs.ts,tests/civilizations.test.ts;tests/codex.test.ts;tests/units.test.ts;tests/techs.test.ts,docs/first-use-027.md;docs/aoe2-rules-research.md;docs/first-use-028.md;docs/first-use-029.md,"v27: source is aoetw.com, read from github.com/webrsb/aoetw (commit 78b412a, 2023-05-21); every civ was checked against its civ, unit, tech and tree pages in a separate pass, double-counted site values and tree mismatches were corrected, and the site's contradictions are recorded in docs/aoe2-rules-research.md. tests/codex.test.ts checks that each bonus, team bonus and omitted item appears once in the encyclopedia and that its numbers are the simulation's. The site is a fan encyclopedia that mixes HD/UP 5.8 and DE values, not the reference game, so reference_status stays unverified. v28: the units pages (pages/units/*.vue, the Infantry/Archer/Cavalry_Units tables) and tree pages were read for the 單位 round; contradictions are in docs/aoe2-rules-research.md 單位. The encyclopedia's 單位 category lists 28 lines (61 units and upgrades) with numbers from the simulation and 59 aoetw units marked not implemented with a reason; tests/codex.test.ts checks every number against statsOf/costOf and each reference unit once. v29: the tech pages (pages/techs/*.vue, the techs index, the age pages) and tree pages were read for the 科技 round; contradictions (Thumb Ring, Gillnets and Plate Mail costs, Heated Shot, Siege Engineers on petards, Shipwright, Illumination, market ages, Hoardings 20 vs 21%, tree vs tech-page civ lists) are in docs/aoe2-rules-research.md 科技. The encyclopedia's 科技 category lists every generic technology (by building or age) with numbers from the simulation, unique technologies by civilization, and 65 aoetw technologies not in the game with a reason; tests/codex.test.ts checks every number and each reference technology once."
CIV-007,CIV,科技／轉化對既有單位效果,content,11,proposed,true,unverified,in_progress,packages/sim/civ.ts;packages/sim/stats.ts;packages/sim/buildings.ts;packages/sim/production.ts;packages/sim/defense.ts;packages/sim/vision.ts,tests/civilizations.test.ts;tests/units.test.ts;tests/techs.test.ts,docs/first-use-027.md;docs/first-use-028.md;docs/first-use-029.md,"v27: appliesToExisting: unit and building stat effects (elite upgrades, Furor Celtica, Zealotry, Rocketry, Great Wall, Byzantine building hp by age, Frank stable hp) reach what is already on the field (units gain the difference in maximum hit points, buildings keep their share of damage); cost, time and work rate apply to what is queued afterwards. Stats are read from the current owner's civ, so a converted unit uses its new owner's bonuses. Fix: age- or tech-triggered population bonuses (Goths +10) now refresh the cap at once (production.ts). v28: the 14 line upgrades restat units already in the field (hit point difference added, damage kept); Zealotry and Sipahi reach camels and cavalry archers already trained. v29: generic technologies reach what is already on the field like civ effects: building hp (Masonry, Architecture, Guard Tower, Keep, Hoardings) keeps the share of damage, building armor applies at once, Bloodlines adds 20 hp to cavalry already trained; Treadmill Crane speeds construction under way, Herbal Medicine units already inside, Town Watch/Patrol buildings already standing; Conscription and Supplies apply to what is queued afterwards."
CIV-008,CIV,原創文明美術組,content,11,proposed,true,unverified,in_progress,apps/web/castle-building.ts;apps/web/elephant-rig.ts;apps/web/character-rig.ts;apps/web/unit-rig.ts;apps/web/rig-roles.ts;apps/web/building-parts.ts;apps/web/scene.ts;apps/web/tech-icons.ts;apps/web/codex.ts;apps/web/models.html;docs/asset-manifest.json;apps/web/university-building.ts;apps/web/defense-building.ts;apps/web/siege-rig.ts;apps/web/vessel-rig.ts;apps/web/harbor-building.ts;apps/web/fortification-building.ts;apps/web/wonder-building.ts,tests/building-support.test.ts;tests/building-parts.test.ts;tests/unit-rig.test.ts;tests/character-rig.test.ts;tests/rig-browser.mjs,docs/first-use-027.md;docs/first-use-028.md;docs/first-use-029.md;docs/first-use-030.md,"v27: original brick Castle (four age structures, construction phases, damage and debris); 13 unique-unit outfits with 8 new weapons; mounts with barding and an elephant rig; regional roof crowns for four architecture groups (west, central, mideast, east Asia) applied in the match by the owner's civ; emblems for the 21 implemented unique technologies. Checked in the model inspector and unit tests; the in-match look, rebuild time and draw calls are checked in the browser pass of docs/first-use-027.md. v28: emblems for Warwolf, Kataparuto and Sipahi. v29: original brick University (four age structures, construction phases, damage and debris), hand cannoneer, bombard cannon (recoil, wreck), own towers' Guard Tower and Keep looks (the opponent's research is not projected), emblems for the 22 generic technologies and Artillery. v30: original brick ships with distinct line-upgrade builds (fishing ship, transport, trade cog, galley/war galley/galleon, fire galley/fire ship/fast fire ship, demolition raft/ship/heavy, cannon galleon/elite, longboat/elite), trade cart, dock, fish trap, market, outpost, walls and gates that join their neighbours, bombard tower, and a wonder per regional style."
AI-001,AI,只讀合法觀測,system,12,proposed,true,unverified,in_progress,packages/sim/ai.ts;packages/sim/sim.ts,tests/ai.test.ts,docs/first-use-014.md,"Reads only red's vision (explored, visible, known); every order goes through the same submit validation as a human's (admitted unlogged, re-derived on replay). Targets must pass targetProblem, gathering needs explored resources, placement uses red's explored tiles."
AI-002,AI,經濟與補人口,system,12,proposed,true,unverified,in_progress,packages/sim/ai.ts,tests/ai.test.ts;tests/first-use-match.mjs,docs/first-use-014.md;docs/first-use-019.md;docs/first-use-020.md;docs/first-use-027.md,"Villagers to 12, houses within 2 of the cap, barracks first at 3 villagers, farms when natural food in sight runs out, weighted gathering (food 4, wood 3, gold 2). v19: a lumber or mining camp goes up next to a source once two villagers carry from farther than 350 to an accepting drop-off. v20: in the second age an archery range on the own half once 175 wood is in stock. Sites on the own half, nearest the town centre (camps: nearest the source), with margins that keep the drop-off ring open. The computer never builds a mill or a stable. v27: up to 3 villagers move to stone while the Castle's stone is short; every cost follows the civ (costOf); other buildings leave a reserve in every resource for the next unique unit."
AI-003,AI,科技／升時代規劃,system,12,proposed,true,unverified,in_progress,packages/sim/ai.ts,tests/ai.test.ts,docs/first-use-014.md;docs/first-use-020.md;docs/first-use-022.md;docs/first-use-027.md;docs/first-use-029.md,"Second age at 9 villagers once the barracks stands (food saved for it). v20: then an archery range. v22: third age at 12 villagers once the archery range stands (soldiers wait while saving), then a monastery and up to 2 monks. Fourth age is not planned; no monastery technologies. v27: in the third age a civ with a unique unit builds one Castle (up to 3 builders, sites widened to the own half), then trains up to 5 unique units; unique technologies only when affordable (none seen on seed 260925). The Chinese find no Castle site on seed 260925. Fourth age still not planned. v29: unchanged: the computer builds no University, researches none of the 科技 round's technologies and trains no gunpowder units."
AI-004,AI,偵查與情報記憶,system,12,proposed,true,unverified,in_progress,packages/sim/ai.ts,tests/ai.test.ts;tests/open-map.test.ts,docs/first-use-014.md;docs/first-use-017.md,"v18: the scout rides to the nearest tile red has never seen whenever it is idle; waves then aim at remembered enemy buildings, with the point reflection through the map centre as the fallback. Food is only gathered within 900 of the own town centre, so a scout that has seen the enemy base does not send villagers there."
AI-005,AI,軍隊反制／集結／撤退,system,12,proposed,true,unverified,in_progress,packages/sim/ai.ts,tests/ai.test.ts;tests/first-use-match.mjs,docs/first-use-014.md;docs/first-use-027.md,"Defends anything within 700 of its town centre at any time; no offence before tick 4800; waves of 5 from home; marching soldiers re-target visible enemies within 500. No retreat, no counter-unit choice, no regrouping. v27: enemy cavalry and archers are recognised by class, so unique cavalry and archers also draw spearmen and skirmishers; unique units join the waves."
AI-006,AI,攻城與目標選擇,system,12,proposed,true,unverified,in_progress,packages/sim/ai.ts;packages/sim/stats.ts,tests/ai.test.ts;tests/units.test.ts,docs/first-use-014.md;docs/first-use-028.md,"Soldiers on a wave attack the nearest visible enemy building once no enemy unit is in reach; buildings are never attacked by soldiers still at home. v28: units flagged buildingsOnly (rams, trebuchets) are never sent at enemy units (was kind === 'ram'); the computer trains none of the 單位 round's units."
AI-007,AI,海圖／運輸登陸,system,12,proposed,true,unverified,in_progress,packages/sim/ai.ts,tests/ai.test.ts,docs/first-use-030.md,"v30: on a map with water near its base the computer builds one dock, up to 4 fishing ships on the deep fish, up to 3 fish traps once the fish run out, and up to 2 warships that guard the dock (900 around it); it builds a market in the third age, sells surplus or buys stone, and sends up to 2 trade carts to a blue market it has seen. No transports, landings or walls."
AI-008,AI,隊伍合作與難度,system,12,proposed,true,unverified,not_started,,,,
AI-009,AI,災後重建與無路恢復,system,12,proposed,true,unverified,not_started,,,,
AI-010,AI,AI 自我對局實證,system,12,proposed,true,unverified,not_started,,,,
SAVE-001,SAVE,完整狀態保存,infrastructure,13,proposed,false,design_proposal,not_started,,,,
SAVE-002,SAVE,一致 tick snapshot,infrastructure,13,proposed,false,design_proposal,not_started,,,,
SAVE-003,SAVE,IndexedDB 與配額失敗,infrastructure,13,proposed,false,design_proposal,not_started,,,,
SAVE-004,SAVE,版本遷移與壞檔恢復,infrastructure,13,proposed,false,design_proposal,not_started,,,,
SAVE-005,SAVE,重播命令與 checkpoint,infrastructure,13,proposed,false,design_proposal,not_started,,,,
SAVE-006,SAVE,續跑 hash 一致性,infrastructure,13,proposed,false,design_proposal,not_started,,,,
SAVE-007,SAVE,讀檔後場景資源清理,infrastructure,13,proposed,false,design_proposal,not_started,,,,
NET-001,NET,權威伺服器與共用 sim,infrastructure,14,proposed,false,design_proposal,not_started,,,,
NET-002,NET,房間／玩家／隊伍設定,infrastructure,14,proposed,false,design_proposal,not_started,,,,
NET-003,NET,命令序列與版本拒絕,infrastructure,14,proposed,false,design_proposal,not_started,,,,
NET-004,NET,每玩家 fog 過濾,infrastructure,14,proposed,false,design_proposal,not_started,,,,
NET-005,NET,真實多瀏覽器對局,infrastructure,14,proposed,false,design_proposal,not_started,,,,
NET-006,NET,斷線重連與重同步,infrastructure,14,proposed,false,design_proposal,not_started,,,,
NET-007,NET,延遲／抖動／頻率限制,infrastructure,14,proposed,false,design_proposal,not_started,,,,
NET-008,NET,觀戰權限／延遲,infrastructure,14,proposed,false,design_proposal,not_started,,,,
NET-009,NET,多人規模與流量量測,infrastructure,14,proposed,false,design_proposal,not_started,,,,
MODE-001,MODE,征服／敗北判定,system,15,proposed,true,unverified,in_progress,packages/sim/combat.ts;packages/sim/sim.ts;packages/sim/ai.ts;apps/web/main.ts,tests/combat.test.ts;tests/ai.test.ts;tests/first-use-hud.mjs;tests/first-use-match.mjs,docs/first-use-012.md;docs/first-use-017.md,"Conquest (no units and no buildings) plus resignation (v18): the menu resign button needs a second press, the computer concedes once it has no town centre and no soldiers. Outcome.reason tells the two apart; the sim refuses orders afterwards."
MODE-002,MODE,重要人物／遺跡／奇觀勝利,system,15,proposed,true,unverified,in_progress,packages/sim/religion.ts;packages/sim/market.ts,tests/buildings-030.test.ts;tests/relics.test.ts,docs/first-use-022.md;docs/first-use-030.md,"v22: relic victory (all relics in own monasteries, 20000 ticks). v30: wonder victory: each finished wonder wins after the same 20000 ticks unless it falls; the earliest decides (Outcome reason 'wonder'). Regicide is not implemented."
MODE-003,MODE,特殊開局與遊戲設定,system,15,proposed,true,unverified,in_progress,packages/sim/navigation.ts;packages/sim/sim.ts;apps/web/index.html;apps/web/main.ts,tests/open-map.test.ts,docs/first-use-017.md;docs/first-use-027.md;docs/first-use-030.md,"Menu: map (open 32x32 or the three 16-tile test grounds), opponent (computer or idle), seed. Standard start on the match map: town centre, 3 villagers and a scout (4/5 population), as in the reference research doc; resources and population values are design_default. v27: menu civilization pickers for both sides (red may be 隨機, resolved from the seed on the page so the log names a real civ); normal mode starts Britons against Franks, debug mode Settlers on both sides. v30: the menu offers the 湖畔 (lakes) match map."
MODE-004,MODE,原創戰役流程與進度,system,15,proposed,true,unverified,not_started,,,,
MODE-005,MODE,情境 schema 與 trigger,system,15,proposed,true,unverified,not_started,,,,
MODE-006,MODE,同 tick 穩定事件排序,system,15,proposed,true,unverified,not_started,,,,
MODE-007,MODE,地形／實體／區域編輯,system,15,proposed,true,unverified,not_started,,,,
MODE-008,MODE,undo／redo／匯入／匯出,system,15,proposed,true,unverified,not_started,,,,
MODE-009,MODE,情境驗證與 playtest,system,15,proposed,true,unverified,not_started,,,,
POLISH-001,POLISH,原創／授權音效清冊,visual,16,proposed,false,design_proposal,in_progress,apps/web/audio.ts,tests/first-use-full.mjs,docs/first-use-018.md,"Original sounds synthesised at play time with WebAudio (oscillator notes and filtered noise; no files, no network): selection (villager/soldier), orders, attack order, placement, built, trained, hit, alarm, age up, victory, defeat, collapse, resign. Each sound has a minimum spacing so battles do not pile up."
POLISH-002,POLISH,音訊事件與優先級,visual,16,proposed,false,design_proposal,not_started,,,,
POLISH-003,POLISH,音訊解鎖／分類音量,visual,16,proposed,false,design_proposal,in_progress,apps/web/audio.ts;apps/web/main.ts;apps/web/index.html,tests/first-use-full.mjs,docs/first-use-018.md,"Audio starts on the first click or key (browser autoplay rules). One master volume 0-100 in the menu (0 mutes), saved per browser with graphics quality. No per-category volumes yet."
POLISH-004,POLISH,建築工作／施工演出,visual,16,proposed,false,design_proposal,not_started,,,,
POLISH-005,POLISH,積木碎片池與數量上限,visual,16,proposed,false,design_proposal,not_started,,,,
POLISH-006,POLISH,霧外粒子／音訊過濾,visual,16,proposed,false,design_proposal,not_started,,,,
POLISH-007,POLISH,降低動態與裝飾效能,visual,16,proposed,false,design_proposal,not_started,,,,
PERF-001,PERF,基準場景與玩家規模,quality,17,proposed,false,design_proposal,not_started,,,,
PERF-002,PERF,sim／render 分離量測,quality,17,proposed,false,design_proposal,in_progress,apps/web/scene.ts,,docs/first-use-017.md,"Canvas data attributes report world rebuild count/cost, draw calls and triangles. Headless Chromium profile: page JavaScript under 2 percent of frame time; the rest is software rasterisation, so real GPU cost is unmeasured."
PERF-003,PERF,內顯實機 FPS／frame time,quality,17,proposed,false,design_proposal,not_started,,,,
PERF-004,PERF,大量單位尋路與 AI,quality,17,proposed,false,design_proposal,in_progress,packages/sim/navigation.ts;packages/sim/movement.ts;packages/sim/work.ts;packages/sim/combat.ts;packages/sim/production.ts,tests/open-map.test.ts,docs/first-use-017.md,"Blocked-node table, local tile window in clearSegment, windowed node scans, incremental edge table (tested equal to a full rebuild), search budget scaled with node count. Headless Node: open map with the computer 0.12 ms mean per tick (was 0.39)."
PERF-005,PERF,資產釋放與重開洩漏,quality,17,proposed,false,design_proposal,not_started,,,,
PERF-006,PERF,桌面瀏覽器相容性,quality,17,proposed,false,design_proposal,not_started,,,,
PERF-007,PERF,WebGL／Worker／載入失敗,quality,17,proposed,false,design_proposal,in_progress,apps/web/scene.ts;apps/web/models.html;docs/asset-manifest.json,tests/browser.mjs,docs/first-use-004.md,"Actual local WebGL2 renderer, initial original meshes, instancing, stud detail threshold and view controls. Full art matrix incomplete."
PERF-008,PERF,快捷鍵／字級／非顏色識別,quality,17,proposed,false,design_proposal,not_started,,,,
QA-001,QA,機制完整矩陣,quality,18,proposed,false,design_proposal,not_started,,,,
QA-002,QA,內容完整矩陣,quality,18,proposed,false,design_proposal,not_started,,,,
QA-003,QA,美術完整矩陣,quality,18,proposed,false,design_proposal,not_started,,,,
QA-004,QA,品質與實機證據,quality,18,proposed,false,design_proposal,not_started,,,,
QA-005,QA,cross-system edge cases,quality,18,proposed,false,design_proposal,not_started,,,,
QA-006,QA,clean checkout 與啟動,quality,18,proposed,false,design_proposal,not_started,,,,
QA-007,QA,公開未完成與阻塞清單,quality,18,proposed,false,design_proposal,implemented,README.md;docs/completeness-matrix.md,,docs/verification.md,Open gaps explicitly listed
UX-001,UX,首次進站到勝利,quality,19,proposed,false,design_proposal,in_progress,tests/first-use-full.mjs;tests/first-use-match.mjs,tests/first-use-full.mjs;tests/first-use-match.mjs,docs/first-use-014.md;docs/first-use-017.md;docs/first-use-018.md,"Prompt 19 path played end to end in normal mode against the computer: settings (quality, volume, persisted), new match from the menu, villagers, food and wood, delivery, house, barracks, age 2, farm, archers, scout, attack, retreat, attack, result, orders refused after the end, new match. Healing is not available (monks: stage F)."
UX-002,UX,卡住／破圖／碰撞重現,quality,19,proposed,false,design_proposal,in_progress,,,docs/first-use-001.md,First sandbox visit only; full match unavailable and remains blocked
UX-003,UX,原步驟修正再測,quality,19,proposed,false,design_proposal,in_progress,,,docs/first-use-001.md,First sandbox visit only; full match unavailable and remains blocked
UX-004,UX,無畫面環境未驗證分列,quality,19,proposed,false,design_proposal,in_progress,,,docs/first-use-001.md,First sandbox visit only; full match unavailable and remains blocked
